Elevator call,16,0,-6,0,6
Elevator call,30,-4,80,0,6
Elevator call,31,-7,88,0,6
Elevator call,31,-5,74,0,2
Elevator call,37,31,97,0,9
Elevator call,47,-6,70,0,8
Elevator call,53,-4,34,0,8
Elevator call,62,-9,52,0,7
Elevator call,63,-9,92,0,5
Elevator call,63,-4,47,0,5
Elevator call,63,4,74,0,4
Elevator call,67,0,-1,0,3
Elevator call,68,-4,85,0,1
Elevator call,68,-4,80,0,1
Elevator call,73,-1,44,0,0
Elevator call,76,-9,-3,0,3
Elevator call,80,0,-1,0,3
Elevator call,83,-5,94,0,2
Elevator call,86,-4,71,0,2
Elevator call,86,-8,66,0,3
Elevator call,87,-5,-1,0,0
Elevator call,91,27,95,0,6
Elevator call,98,-1,93,0,6
Elevator call,100,-2,47,0,6
Elevator call,101,-5,85,0,0
Elevator call,105,-1,55,0,7
Elevator call,106,-7,96,0,7
Elevator call,107,-3,-1,0,4
Elevator call,115,0,28,0,4
Elevator call,116,-6,47,0,4
Elevator call,133,12,-5,0,9
Elevator call,147,-5,-9,0,9
Elevator call,159,-4,-2,0,3
Elevator call,160,-3,0,0,3
Elevator call,162,-4,20,0,9
Elevator call,166,0,32,0,8
Elevator call,177,-2,-1,0,8
Elevator call,182,-1,30,0,6
Elevator call,187,-4,51,0,2
Elevator call,196,44,83,0,0
Elevator call,199,0,9,0,3
Elevator call,210,-3,-8,0,9
Elevator call,214,-5,0,0,3
Elevator call,216,-5,50,0,3
Elevator call,216,-7,23,0,6
Elevator call,222,0,-9,0,5
Elevator call,223,-4,88,0,6
Elevator call,225,-5,13,0,6
Elevator call,228,-9,-7,0,9
Elevator call,228,-6,-2,0,5
Elevator call,229,16,-9,0,2
Elevator call,246,-4,-1,0,8
Elevator call,249,-2,40,0,8
Elevator call,270,-2,76,0,2
Elevator call,270,-2,58,0,9
Elevator call,277,-1,100,0,9
Elevator call,282,-8,6,0,1
Elevator call,283,71,67,0,0
Elevator call,286,-7,-9,0,4
Elevator call,289,15,99,0,6
Elevator call,305,0,14,0,5
Elevator call,308,34,28,0,0
Elevator call,311,7,80,0,1
Elevator call,313,75,-1,0,7
Elevator call,316,-5,-6,0,4
Elevator call,322,0,48,0,5
Elevator call,327,-9,-8,0,5
Elevator call,327,-3,0,0,4
Elevator call,329,-5,-6,0,4
Elevator call,329,-8,24,0,0
Elevator call,340,-9,10,0,0
Elevator call,357,-9,69,0,2
Elevator call,370,0,-1,0,3
Elevator call,374,-4,34,0,4
Elevator call,375,-3,64,0,4
Elevator call,375,-1,100,0,6
Elevator call,380,-8,56,0,8
Elevator call,386,35,-9,0,3
Elevator call,391,-6,46,0,7
Elevator call,394,-5,-4,0,7
Elevator call,408,-8,-5,0,5
Elevator call,408,-8,82,0,6
Elevator call,412,65,-2,0,1
Elevator call,424,39,-5,0,2
Elevator call,429,-2,26,0,0
Elevator call,434,5,-7,0,5
Elevator call,436,-4,47,0,2
Elevator call,439,87,-7,0,6
Elevator call,439,-5,14,0,3
Elevator call,441,-7,-3,0,3
Elevator call,448,-3,25,0,1
Elevator call,452,-7,97,0,6
Elevator call,453,-7,2,0,6
Elevator call,460,-1,63,0,8
Elevator call,461,-2,29,0,5
Elevator call,467,-7,69,0,5
Elevator call,469,19,70,0,2
Elevator call,469,-9,54,0,7
Elevator call,470,-5,0,0,7
Elevator call,474,8,96,0,0
Elevator call,476,-7,81,0,1
Elevator call,476,-3,4,0,1
Elevator call,482,-9,60,0,3
Elevator call,489,-1,78,0,2
Elevator call,495,-9,69,0,2
Elevator call,495,-2,54,0,9
Elevator call,497,-4,74,0,6
Elevator call,500,-1,51,0,6
Elevator call,500,100,-7,0,4
Elevator call,506,71,-1,0,8
Elevator call,506,-2,-9,0,8
Elevator call,519,85,-6,0,0
Elevator call,519,80,99,0,3
Elevator call,521,-9,22,0,7
Elevator call,530,-8,76,0,7
Elevator call,541,-9,59,0,4
Elevator call,547,9,-6,0,9
Elevator call,549,42,-3,0,6
Elevator call,551,-6,94,0,6
Elevator call,553,0,61,0,6
Elevator call,560,-1,58,0,8
Elevator call,560,0,-5,0,9
Elevator call,566,-1,45,0,5
Elevator call,569,-6,35,0,5
Elevator call,581,-3,11,0,0
Elevator call,583,-9,20,0,1
Elevator call,590,-6,0,0,1
Elevator call,596,-6,6,0,9
Elevator call,598,-8,85,0,2
Elevator call,608,-4,24,0,2
Elevator call,611,50,-4,0,3
Elevator call,612,-9,10,0,0
Elevator call,613,0,46,0,0
Elevator call,614,-6,78,0,9
Elevator call,617,-7,13,0,3
Elevator call,624,-5,7,0,3
Elevator call,625,-6,40,0,4
Elevator call,625,-8,15,0,8
Elevator call,630,-3,-8,0,1
Elevator call,632,-7,85,0,6
Elevator call,634,-9,69,0,6
Elevator call,637,-2,3,0,1
Elevator call,640,-1,5,0,8
Elevator call,652,-9,-4,0,8
Elevator call,653,-9,34,0,3
Elevator call,654,-8,50,0,2
Elevator call,654,-2,25,0,2
Elevator call,657,27,-6,0,4
Elevator call,661,-1,65,0,1
Elevator call,671,0,34,0,1
Elevator call,674,-6,-8,0,7
Elevator call,674,-1,-5,0,5
Elevator call,676,-5,-7,0,5
Elevator call,691,-9,90,0,6
Elevator call,692,85,-8,0,9
Elevator call,700,0,-2,0,0
Elevator call,705,-3,-5,0,0
Elevator call,706,-2,73,0,4
Elevator call,707,-3,-1,0,8
Elevator call,709,-6,99,0,8
Elevator call,712,-9,79,0,7
Elevator call,714,-9,7,0,5
Elevator call,716,17,-5,0,3
Elevator call,718,-9,-8,0,0
Elevator call,742,-7,-2,0,0
Elevator call,746,-3,43,0,6
Elevator call,749,-8,44,0,9
Elevator call,749,0,8,0,9
Elevator call,754,11,-8,0,5
Elevator call,755,-7,31,0,3
Elevator call,768,-8,78,0,3
Elevator call,775,-3,-4,0,0
Elevator call,776,-7,93,0,6
Elevator call,778,0,15,0,6
Elevator call,779,-7,75,0,2
Elevator call,807,-7,38,0,0
Elevator call,818,-7,81,0,0
Elevator call,823,-9,82,0,5
Elevator call,832,-2,14,0,4
Elevator call,834,-9,-4,0,4
Elevator call,837,-1,22,0,7
Elevator call,839,78,-7,0,2
Elevator call,840,-9,5,0,1
Elevator call,846,-5,91,0,1
Elevator call,854,-1,72,0,6
Elevator call,859,-7,-3,0,9
Elevator call,859,-9,7,0,9
Elevator call,867,27,10,0,8
Elevator call,872,-7,9,0,2
Elevator call,873,-2,-3,0,7
Elevator call,873,-1,16,0,4
Elevator call,874,-2,0,0,4
Elevator call,879,30,61,0,6
Elevator call,884,-1,-9,0,2
Elevator call,888,19,-8,0,8
Elevator call,902,-5,85,0,2
Elevator call,904,-8,-5,0,2
Elevator call,905,-2,15,0,7
Elevator call,905,-6,37,0,6
Elevator call,909,0,41,0,6
Elevator call,911,-8,41,0,9
Elevator call,917,11,65,0,5
Elevator call,921,-5,3,0,8
Elevator call,927,-8,-1,0,8
Elevator call,929,-6,69,0,7
Elevator call,941,-3,96,0,4
Elevator call,944,-1,-8,0,3
Elevator call,949,32,0,0,6
Elevator call,953,0,69,0,6
Elevator call,954,-8,0,0,6
Elevator call,957,-3,100,0,3
Elevator call,962,-7,-8,0,8
Elevator call,967,0,-4,0,8
Elevator call,967,-1,-9,0,0
Elevator call,978,-2,60,0,2
Elevator call,980,0,49,0,2
Elevator call,981,34,-3,0,9
Elevator call,982,-9,6,0,0
Elevator call,987,-3,34,0,0
Elevator call,992,8,-4,0,5
Elevator call,997,-2,22,0,9
Elevator call,1004,-4,8,0,9
Elevator call,1008,77,9,0,1
Elevator call,1011,-2,97,0,6
Elevator call,1011,-2,35,0,6
Elevator call,1014,-9,97,0,8
Elevator call,1015,73,67,0,7
Elevator call,1021,0,-5,0,5
Elevator call,1027,-7,94,0,1
Elevator call,1034,0,13,0,1
Elevator call,1035,-3,50,0,5
Elevator call,1038,36,63,0,7
Elevator call,1040,64,-3,0,4
Elevator call,1041,17,-3,0,9
Elevator call,1047,-7,16,0,4
Elevator call,1048,0,15,0,4
Elevator call,1053,-4,-3,0,0
Elevator call,1056,64,-1,0,2
Elevator call,1057,79,-4,0,3
Elevator call,1057,-6,28,0,9
Elevator call,1059,-7,0,0,9
Elevator call,1065,0,20,0,7
Elevator call,1069,-5,7,0,0
Elevator call,1072,78,-9,0,6
Elevator call,1073,24,-5,0,5
Elevator call,1077,-8,-3,0,2
Elevator call,1082,1,-9,0,3
Elevator call,1086,-4,78,0,6
Elevator call,1088,-2,48,0,6
Elevator call,1090,12,39,0,0
Elevator call,1097,45,14,0,8
Elevator call,1097,89,-8,0,2
Elevator call,1098,-3,19,0,5
Elevator call,1098,21,0,0,7
Elevator call,1100,-1,95,0,3
Elevator call,1104,57,50,0,0
Elevator call,1110,42,-2,0,4
Elevator call,1114,-4,-5,0,7
Elevator call,1115,-5,33,0,8
Elevator call,1121,88,-7,0,6
Elevator call,1125,-4,-5,0,7
Elevator call,1125,-4,84,0,5
Elevator call,1128,-1,67,0,5
Elevator call,1130,88,78,0,0
Elevator call,1131,90,-5,0,6
Elevator call,1132,-1,39,0,9
Elevator call,1134,82,-3,0,2
Elevator call,1137,94,-9,0,3
Elevator call,1138,-4,-5,0,7
Elevator call,1141,63,94,0,1
Elevator call,1141,-1,37,0,7
Elevator call,1148,-1,42,0,7
Elevator call,1151,-1,35,0,4
Elevator call,1152,72,30,0,8
Elevator call,1156,57,-6,0,9
Elevator call,1156,-8,-2,0,4
Elevator call,1157,64,-5,0,0
Elevator call,1161,-9,20,0,6
Elevator call,1162,-6,89,0,6
Elevator call,1165,-9,26,0,2
Elevator call,1170,87,3,0,1
Elevator call,1173,-2,5,0,9
Elevator call,1176,-3,-7,0,4
Elevator call,1178,-2,93,0,2
Elevator call,1178,-9,-7,0,2
Elevator call,1179,-3,-2,0,8
Elevator call,1182,32,-4,0,7
Elevator call,1190,10,84,0,9
Elevator call,1192,-2,0,0,0
Elevator call,1195,95,-3,0,6
Elevator call,1195,-9,44,0,4
Elevator call,1196,86,-7,0,6
Elevator call,1197,0,97,0,8
Elevator call,1200,2,-5,0,3
Elevator call,1213,-7,-1,0,0
Elevator call,1214,96,0,0,9
Elevator call,1231,-8,-7,0,3
Elevator call,1235,0,-7,0,1
Elevator call,1257,-6,59,0,0
Elevator call,1257,53,81,0,4
Elevator call,1258,-7,61,0,1
Elevator call,1258,-7,64,0,1
Elevator call,1259,62,-9,0,5
Elevator call,1259,-9,71,0,3
Elevator call,1261,24,-4,0,7
Elevator call,1262,88,-3,0,6
Elevator call,1268,-6,-8,0,7
Elevator call,1269,-1,-5,0,7
Elevator call,1270,-5,-6,0,2
Elevator call,1279,-9,-8,0,5
Elevator call,1279,32,0,0,0
Elevator call,1281,0,63,0,2
Elevator call,1284,-8,-7,0,2
Elevator call,1286,-8,56,0,6
Elevator call,1293,-4,19,0,7
Elevator call,1294,-4,24,0,7
Elevator call,1296,-3,75,0,5
Elevator call,1309,-1,-6,0,4
Elevator call,1310,37,-5,0,8
Elevator call,1310,-6,37,0,9
Elevator call,1312,-4,-1,0,9
Elevator call,1317,64,-4,0,3
Elevator call,1320,83,53,0,6
Elevator call,1322,83,-8,0,6
Elevator call,1331,-7,85,0,0
Elevator call,1332,5,-6,0,8
Elevator call,1334,-7,-5,0,4
Elevator call,1334,-9,0,0,4
Elevator call,1336,-8,-5,0,3
Elevator call,1344,27,10,0,2
Elevator call,1346,28,-2,0,2
Elevator call,1352,62,0,0,5
Elevator call,1356,71,0,0,6
Elevator call,1360,-9,-5,0,8
Elevator call,1360,0,-5,0,3
Elevator call,1362,-8,100,0,4
Elevator call,1365,-1,26,0,4
Elevator call,1368,-1,67,0,8
Elevator call,1374,90,-8,0,1
Elevator call,1377,-6,0,0,3
Elevator call,1377,-9,75,0,3
Elevator call,1378,-6,-9,0,7
Elevator call,1383,93,-7,0,0
Elevator call,1387,67,85,0,2
Elevator call,1388,-1,-8,0,9
Elevator call,1390,-4,7,0,7
Elevator call,1390,-1,95,0,7
Elevator call,1399,-1,51,0,6
Elevator call,1399,-2,78,0,9
Elevator call,1400,-9,95,0,9
Elevator call,1402,-5,-4,0,5
Elevator call,1410,72,0,0,6
Elevator call,1410,-4,79,0,6
Elevator call,1414,-3,44,0,6
Elevator call,1414,-9,93,0,5
Elevator call,1416,21,-2,0,8
Elevator call,1431,0,5,0,1
Elevator call,1435,-3,29,0,1
Elevator call,1437,91,-5,0,2
Elevator call,1439,-2,-7,0,0
Elevator call,1439,-2,17,0,8
Elevator call,1446,68,97,0,3
Elevator call,1449,-3,-4,0,0
Elevator call,1449,17,-3,0,2
Elevator call,1451,53,92,0,6
Elevator call,1454,64,59,0,3
Elevator call,1454,-8,-9,0,0
Elevator call,1454,-2,-1,0,8
Elevator call,1455,-7,16,0,8
Elevator call,1457,39,-8,0,2
Elevator call,1459,-8,95,0,0
Elevator call,1463,-9,-1,0,0
Elevator call,1464,-6,3,0,1
Elevator call,1468,1,-5,0,4
Elevator call,1468,-9,34,0,2
Elevator call,1470,56,-8,0,6
Elevator call,1471,-5,-8,0,1
Elevator call,1471,26,-6,0,7
Elevator call,1474,73,0,0,5
Elevator call,1481,-2,-3,0,4
Elevator call,1481,-9,0,0,3
Elevator call,1485,-5,44,0,3
Elevator call,1485,34,-1,0,6
Elevator call,1487,6,61,0,8
Elevator call,1492,-8,-4,0,1
Elevator call,1493,-8,72,0,1
Elevator call,1494,37,-1,0,2
Elevator call,1502,-8,94,0,6
Elevator call,1505,-1,-3,0,7
Elevator call,1507,66,-1,0,6
Elevator call,1512,66,-9,0,6
Elevator call,1513,-7,-2,0,4
Elevator call,1518,74,-8,0,2
Elevator call,1520,17,-5,0,5
Elevator call,1522,-6,-1,0,7
Elevator call,1522,-3,-2,0,7
Elevator call,1523,-3,26,0,4
Elevator call,1531,-9,41,0,5
Elevator call,1531,-4,17,0,5
Elevator call,1537,63,-2,0,8
Elevator call,1545,-8,86,0,7
Elevator call,1551,-5,82,0,7
Elevator call,1552,-5,67,0,2
Elevator call,1554,-8,71,0,4
Elevator call,1555,47,0,0,9
Elevator call,1558,-5,39,0,8
Elevator call,1560,64,-3,0,3
Elevator call,1561,-7,48,0,6
Elevator call,1563,-6,19,0,6
Elevator call,1570,61,48,0,1
Elevator call,1574,24,0,0,0
Elevator call,1576,26,-1,0,0
Elevator call,1579,-7,11,0,9
Elevator call,1587,57,-9,0,1
Elevator call,1587,-6,20,0,3
Elevator call,1589,-5,-3,0,3
Elevator call,1594,-3,24,0,9
Elevator call,1597,2,-6,0,2
Elevator call,1597,-7,81,0,6
Elevator call,1600,52,-8,0,8
Elevator call,1607,-5,41,0,2
Elevator call,1608,-2,49,0,2
Elevator call,1610,35,76,0,5
Elevator call,1610,-6,-5,0,1
Elevator call,1612,-6,-2,0,1
Elevator call,1625,-4,45,0,6
Elevator call,1626,-4,82,0,9
Elevator call,1627,-7,-1,0,9
Elevator call,1630,47,92,0,4
Elevator call,1631,-8,-7,0,8
Elevator call,1631,-8,-2,0,8
Elevator call,1634,-3,73,0,0
Elevator call,1638,-8,76,0,3
Elevator call,1648,79,-3,0,6
Elevator call,1648,77,-6,0,6
Elevator call,1663,-4,53,0,1
Elevator call,1664,33,0,0,5
Elevator call,1665,5,10,0,8
Elevator call,1666,89,3,0,4
Elevator call,1666,0,39,0,2
Elevator call,1683,-2,88,0,2
Elevator call,1691,25,-4,0,8
Elevator call,1693,89,0,0,7
Elevator call,1697,-3,0,0,5
Elevator call,1697,91,-6,0,0
Elevator call,1699,-4,46,0,4
Elevator call,1702,-6,-1,0,4
Elevator call,1702,37,-7,0,1
Elevator call,1707,-4,-2,0,5
Elevator call,1709,97,-9,0,6
Elevator call,1718,90,10,0,6
Elevator call,1720,-6,51,0,8
Elevator call,1720,0,51,0,5
Elevator call,1726,74,-8,0,3
Elevator call,1727,51,0,0,2
Elevator call,1731,12,55,0,1
Elevator call,1733,-8,37,0,3
Elevator call,1751,-2,86,0,3
Elevator call,1752,29,-9,0,7
Elevator call,1765,-3,60,0,9
Elevator call,1770,-9,-5,0,9
Elevator call,1778,30,-2,0,8
Elevator call,1780,78,-9,0,5
Elevator call,1784,0,28,0,0
Elevator call,1794,-6,52,0,0
Elevator call,1796,-1,92,0,2
Elevator call,1799,99,-1,0,6
Elevator call,1801,-6,70,0,4
Elevator call,1802,77,-8,0,1
Elevator call,1806,-5,-1,0,8
Elevator call,1806,-9,-3,0,8
Elevator call,1810,79,61,0,2
Elevator call,1811,65,-3,0,6
Elevator call,1812,15,-5,0,7
Elevator call,1812,-1,68,0,8
Elevator call,1813,-8,18,0,8
Elevator call,1816,-2,-3,0,7
Elevator call,1825,-6,25,0,5
Elevator call,1826,-8,-5,0,5
Elevator call,1835,-6,34,0,1
Elevator call,1836,91,19,0,2
Elevator call,1839,-2,54,0,7
Elevator call,1841,-5,70,0,7
Elevator call,1847,15,-3,0,9
Elevator call,1847,84,-3,0,4
Elevator call,1848,-3,56,0,6
Elevator call,1848,7,-7,0,0
Elevator call,1849,-7,20,0,9
Elevator call,1849,-6,8,0,9
Elevator call,1853,76,0,0,6
Elevator call,1860,-8,44,0,2
Elevator call,1874,-7,-6,0,2
Elevator call,1885,0,-3,0,1
Elevator call,1886,-4,12,0,5
Elevator call,1886,-2,-4,0,0
Elevator call,1888,-7,-2,0,4
Elevator call,1890,6,62,0,6
Elevator call,1899,-3,71,0,6
Elevator call,1901,-5,34,0,1
Elevator call,1902,47,88,0,3
Elevator call,1907,0,68,0,0
Elevator call,1907,40,-6,0,5
Elevator call,1910,0,-8,0,4
Elevator call,1913,-9,-10,0,4
Elevator call,1915,10,-3,0,9
Elevator call,1916,-7,67,0,2
Elevator call,1918,-7,69,0,2
Elevator call,1918,-9,59,0,6
Elevator call,1920,-1,-2,0,4
Elevator call,1920,-5,-8,0,4
Elevator call,1921,0,39,0,8
Elevator call,1922,-9,-3,0,1
Elevator call,1923,53,-3,0,3
Elevator call,1933,29,-3,0,9
Elevator call,1933,85,-2,0,6
Elevator call,1934,24,-6,0,5
Elevator call,1937,-7,43,0,4
Elevator call,1938,31,-1,0,0
Elevator call,1939,78,-4,0,7
Elevator call,1949,0,-8,0,1
Elevator call,1957,0,66,0,3
Elevator call,1962,-5,-8,0,1
Elevator call,1962,66,-8,0,6
Elevator call,1964,-3,4,0,9
Elevator call,1972,-2,56,0,9
Elevator call,1973,47,-1,0,8
Elevator call,1977,-3,0,0,0
Elevator call,1982,5,-1,0,5
Elevator call,1988,-7,15,0,1
Elevator call,1988,0,45,0,1
Elevator call,1989,-6,12,0,0
Elevator call,1994,-3,49,0,6
Elevator call,1995,-4,78,0,6
Elevator call,1995,98,-3,0,2
Elevator call,2001,14,-6,0,4
Elevator call,2003,-6,73,0,5
Elevator call,2007,50,-4,0,3
Elevator call,2007,-3,14,0,8
Elevator call,2009,44,-8,0,7
Elevator call,2013,-2,89,0,2
Elevator call,2020,-3,-4,0,0
Elevator call,2021,-9,0,0,4
Elevator call,2031,3,97,0,8
Elevator call,2034,-4,-1,0,8
Elevator call,2035,-1,-2,0,0
Elevator call,2038,63,-9,0,6
Elevator call,2041,77,-2,0,9
Elevator call,2043,53,-1,0,1
Elevator call,2050,100,-9,0,2
Elevator call,2050,90,-9,0,2
Elevator call,2053,0,44,0,4
Elevator call,2056,-4,28,0,0
Elevator call,2075,-7,87,0,0
Elevator call,2075,-2,-8,0,3
Elevator call,2079,76,-3,0,5
Elevator call,2083,44,-3,0,4
Elevator call,2083,-1,0,0,3
Elevator call,2084,-8,12,0,3
Elevator call,2088,-2,100,0,6
Elevator call,2092,-6,11,0,7
Elevator call,2095,-9,-5,0,7
Elevator call,2095,-1,71,0,1
Elevator call,2095,-2,39,0,9
Elevator call,2107,31,-9,0,6
Elevator call,2108,-8,51,0,7
Elevator call,2110,30,-5,0,3
Elevator call,2111,-7,-4,0,5
Elevator call,2120,-1,0,0,5
Elevator call,2121,-1,-3,0,4
Elevator call,2121,49,-8,0,6
Elevator call,2122,61,-3,0,1
Elevator call,2124,-1,-3,0,4
Elevator call,2130,51,-3,0,9
Elevator call,2131,-8,4,0,4
Elevator call,2133,20,-1,0,5
Elevator call,2137,33,-2,0,6
Elevator call,2147,20,-3,0,3
Elevator call,2147,0,2,0,8
Elevator call,2164,49,0,0,7
Elevator call,2165,-7,64,0,6
Elevator call,2169,-1,30,0,6
Elevator call,2171,20,0,0,4
Elevator call,2172,31,-1,0,8
Elevator call,2174,-2,-3,0,5
Elevator call,2175,88,-1,0,0
Elevator call,2179,0,11,0,9
Elevator call,2181,-9,-1,0,9
Elevator call,2181,-3,3,0,3
Elevator call,2186,61,-5,0,2
Elevator call,2187,-7,94,0,5
Elevator call,2188,96,-2,0,6
Elevator call,2188,10,-3,0,4
Elevator call,2190,-2,-3,0,1
Elevator call,2192,79,24,0,3
Elevator call,2195,0,-5,0,7
Elevator call,2197,-7,21,0,1
Elevator call,2200,47,0,0,2
Elevator call,2214,42,0,0,2
Elevator call,2220,-4,-6,0,7
Elevator call,2222,-3,73,0,4
Elevator call,2225,-4,14,0,4
Elevator call,2228,92,-2,0,6
Elevator call,2231,77,9,0,8
Elevator call,2231,79,-7,0,8
Elevator call,2231,39,-2,0,0
Elevator call,2232,-6,84,0,7
Elevator call,2233,36,-8,0,1
Elevator call,2235,-6,52,0,9
Elevator call,2237,-2,-8,0,0
Elevator call,2242,12,-8,0,3
Elevator call,2244,18,-1,0,3
Elevator call,2252,93,-9,0,5
Elevator call,2255,-1,42,0,1
Elevator call,2262,39,0,0,9
Elevator call,2262,-2,77,0,6
Elevator call,2264,46,41,0,7
Elevator call,2274,34,-3,0,2
Elevator call,2278,-8,2,0,0
Elevator call,2280,64,-4,0,6
Elevator call,2284,29,-3,0,0
Elevator call,2285,-9,-10,0,9
Elevator call,2285,-8,-7,0,5
Elevator call,2288,72,-9,0,6
Elevator call,2291,-7,0,0,9
Elevator call,2295,-8,-4,0,9
Elevator call,2300,68,0,0,1
Elevator call,2307,-7,-4,0,5
Elevator call,2310,33,-3,0,7
Elevator call,2311,93,-2,0,2
Elevator call,2318,40,23,0,4
Elevator call,2318,67,-7,0,6
Elevator call,2318,-9,32,0,5
Elevator call,2323,-6,43,0,5
Elevator call,2323,-5,18,0,3
Elevator call,2325,37,-6,0,0
Elevator call,2331,76,-8,0,6
Elevator call,2331,38,-9,0,4
Elevator call,2332,17,46,0,7
Elevator call,2334,0,84,0,9
Elevator call,2341,74,0,0,3
Elevator call,2349,-7,84,0,2
Elevator call,2355,25,-3,0,1
Elevator call,2360,-9,22,0,8
Elevator call,2361,-6,67,0,8
Elevator call,2363,83,-2,0,7
Elevator call,2371,66,14,0,2
Elevator call,2372,0,28,0,0
Elevator call,2374,-3,11,0,0
Elevator call,2377,2,89,0,6
Elevator call,2378,60,-7,0,9
Elevator call,2379,70,-1,0,9
Elevator call,2380,-6,17,0,4
Elevator call,2383,-4,81,0,1
Elevator call,2384,-7,17,0,1
Elevator call,2386,23,-2,0,4
Elevator call,2388,-9,76,0,6
Elevator call,2391,-2,87,0,6
Elevator call,2392,87,-2,0,2
Elevator call,2394,79,-6,0,5
Elevator call,2394,-4,28,0,3
Elevator call,2395,-9,58,0,3
Elevator call,2396,-3,31,0,4
Elevator call,2398,99,-3,0,6
Elevator call,2399,50,-7,0,0
Elevator call,2400,68,27,0,8
Elevator call,2406,-3,6,0,7
Elevator call,2411,60,35,0,4
Elevator call,2411,96,-1,0,2
Elevator call,2412,5,-1,0,7
Elevator call,2422,-6,68,0,7
Elevator call,2422,-3,-9,0,5
Elevator call,2423,24,-2,0,8
Elevator call,2427,6,-5,0,0
Elevator call,2433,-9,-1,0,5
Elevator call,2434,74,-8,0,6
Elevator call,2439,67,0,0,6
Elevator call,2440,-3,-1,0,5
Elevator call,2443,-3,-1,0,4
Elevator call,2445,-6,-7,0,0
Elevator call,2448,99,50,0,7
Elevator call,2448,-4,-6,0,1
Elevator call,2450,80,71,0,3
Elevator call,2464,-6,-7,0,8
Elevator call,2468,83,-4,0,3
Elevator call,2477,79,-8,0,3
Elevator call,2478,-8,-2,0,5
Elevator call,2479,-2,-6,0,4
Elevator call,2483,-7,79,0,2
Elevator call,2487,70,-1,0,2
Elevator call,2490,52,-9,0,0
Elevator call,2490,-4,-3,0,1
Elevator call,2491,96,-5,0,6
Elevator call,2491,39,-7,0,9
Elevator call,2491,31,-7,0,9
Elevator call,2494,81,24,0,8
Elevator call,2498,-2,-3,0,5
Elevator call,2501,-1,0,0,4
Elevator call,2503,-2,20,0,4
Elevator call,2509,-8,-1,0,1
Elevator call,2511,61,0,0,7
Elevator call,2512,41,38,0,5
Elevator call,2514,27,-6,0,1
Elevator call,2519,82,64,0,5
Elevator call,2519,-1,-8,0,4
Elevator call,2520,-7,8,0,4
Elevator call,2525,-7,47,0,4
Elevator call,2527,45,-7,0,6
Elevator call,2532,36,-6,0,2
Elevator call,2532,48,0,0,1
Elevator call,2532,67,-2,0,5
Elevator call,2535,69,-3,0,5
Elevator call,2539,-2,-5,0,0
Elevator call,2543,-5,-7,0,7
Elevator call,2544,23,-3,0,8
Elevator call,2544,-9,0,0,0
Elevator call,2548,88,-5,0,6
Elevator call,2550,19,-5,0,7
Elevator call,2557,-3,-5,0,0
Elevator call,2558,-3,54,0,2
Elevator call,2562,63,-5,0,2
Elevator call,2565,12,-2,0,9
Elevator call,2565,64,1,0,6
Elevator call,2567,19,-3,0,8
Elevator call,2568,15,-2,0,8
Elevator call,2568,94,-8,0,6
Elevator call,2570,-7,0,0,0
Elevator call,2571,51,-7,0,4
Elevator call,2571,-1,38,0,0
Elevator call,2574,86,-6,0,2
Elevator call,2579,-2,60,0,1
Elevator call,2581,23,-7,0,7
Elevator call,2599,-6,-7,0,9
Elevator call,2599,55,-9,0,0
Elevator call,2602,97,0,0,6
Elevator call,2603,-3,5,0,9
Elevator call,2612,36,-2,0,9
Elevator call,2613,69,-7,0,1
Elevator call,2619,12,0,0,3
Elevator call,2620,-9,-4,0,7
Elevator call,2622,-9,-2,0,7
Elevator call,2623,79,-9,0,8
Elevator call,2624,0,91,0,4
Elevator call,2631,100,-5,0,6
Elevator call,2631,26,-5,0,3
Elevator call,2634,65,-9,0,2
Elevator call,2638,68,-4,0,2
Elevator call,2639,57,-8,0,7
Elevator call,2642,81,-7,0,4
Elevator call,2643,74,69,0,4
Elevator call,2646,-4,67,0,9
Elevator call,2647,26,-1,0,0
Elevator call,2655,54,0,0,5
Elevator call,2656,-6,31,0,1
Elevator call,2658,62,-2,0,9
Elevator call,2662,91,80,0,3
Elevator call,2663,26,-3,0,1
Elevator call,2665,-1,12,0,0
Elevator call,2665,-3,96,0,0
Elevator call,2670,-9,60,0,6
Elevator call,2675,28,0,0,8
Elevator call,2682,19,75,0,6
Elevator call,2687,1,-7,0,7
Elevator call,2698,78,-3,0,6
Elevator call,2698,-9,-10,0,1
Elevator call,2704,35,-9,0,5
Elevator call,2708,-9,-7,0,7
Elevator call,2708,47,-7,0,3
Elevator call,2720,-6,74,0,2
Elevator call,2720,99,-9,0,6
Elevator call,2726,-9,49,0,1
Elevator call,2731,12,-8,0,9
Elevator call,2736,-7,-3,0,7
Elevator call,2742,-9,60,0,7
Elevator call,2752,30,-3,0,8
Elevator call,2755,-7,-5,0,9
Elevator call,2762,-2,0,0,9
Elevator call,2766,-9,71,0,5
Elevator call,2768,23,-2,0,1
Elevator call,2768,12,-2,0,9
Elevator call,2770,26,0,0,2
Elevator call,2774,97,82,0,0
Elevator call,2774,12,-6,0,8
Elevator call,2783,8,-4,0,8
Elevator call,2783,87,-5,0,4
Elevator call,2785,6,-9,0,3
Elevator call,2788,5,-5,0,3
Elevator call,2793,44,-9,0,6
Elevator call,2795,87,-4,0,0
Elevator call,2806,-7,20,0,2
Elevator call,2814,34,-9,0,7
Elevator call,2817,71,-5,0,6
Elevator call,2819,38,0,0,2
Elevator call,2821,5,0,0,1
Elevator call,2821,20,-3,0,9
Elevator call,2821,90,-9,0,5
Elevator call,2825,-8,0,0,1
Elevator call,2828,71,2,0,6
Elevator call,2830,74,-6,0,6
Elevator call,2830,26,-2,0,3
Elevator call,2833,0,-1,0,8
Elevator call,2835,4,-2,0,8
Elevator call,2835,100,0,0,2
Elevator call,2839,61,-1,0,1
Elevator call,2840,-5,-7,0,9
Elevator call,2840,84,-8,0,7
Elevator call,2844,76,-9,0,7
Elevator call,2845,72,-3,0,4
Elevator call,2857,2,0,0,0
Elevator call,2863,72,-4,0,9
Elevator call,2864,-3,-1,0,8
Elevator call,2868,-8,-5,0,8
Elevator call,2869,85,-5,0,6
Elevator call,2872,94,37,0,0
Elevator call,2873,91,-2,0,0
Elevator call,2875,37,0,0,3
Elevator call,2876,-9,8,0,8
Elevator call,2882,11,-1,0,5
Elevator call,2887,3,-9,0,5
Elevator call,2891,84,-3,0,2
Elevator call,2891,87,63,0,8
Elevator call,2896,-4,-2,0,1
Elevator call,2896,-6,-8,0,3
Elevator call,2901,-6,-7,0,3
Elevator call,2904,-5,0,0,1
Elevator call,2905,-8,-9,0,4
Elevator call,2905,89,-5,0,6
Elevator call,2916,81,-3,0,6
Elevator call,2917,72,-2,0,2
Elevator call,2918,55,-3,0,1
Elevator call,2921,0,-3,0,9
Elevator call,2921,65,44,0,8
Elevator call,2927,51,42,0,5
Elevator call,2932,4,-7,0,3
Elevator call,2934,77,69,0,4
Elevator call,2939,16,-5,0,9
Elevator call,2944,60,31,0,5
Elevator call,2945,66,56,0,5
Elevator call,2945,90,-9,0,6
Elevator call,2946,-2,89,0,3
Elevator call,2947,16,-7,0,9
Elevator call,2949,82,-6,0,4
Elevator call,2951,2,34,0,2
Elevator call,2959,1,-2,0,1
Elevator call,2959,59,-1,0,8
Elevator call,2972,0,-1,0,9
Elevator call,2973,46,-7,0,2
Elevator call,2975,25,0,0,1
Elevator call,2980,6,0,0,9
Elevator call,2981,72,-1,0,3
Elevator call,2982,-6,-1,0,0
Elevator call,2982,5,-6,0,8
Elevator call,2983,-2,-8,0,8
Elevator call,2986,18,-6,0,6
Elevator call,2989,62,-7,0,5
Elevator call,2992,52,-1,0,5
Elevator call,2995,47,-7,0,2
Elevator call,2997,50,-6,0,6
Elevator call,3002,-9,0,0,7
Elevator call,3006,20,-6,0,0
Elevator call,3008,-1,0,0,9
Elevator call,3009,0,44,0,9
Elevator call,3009,88,-3,0,6
Elevator call,3017,72,-8,0,7
Elevator call,3023,-4,70,0,1
Elevator call,3024,-4,59,0,1
Elevator call,3026,46,-8,0,4
Elevator call,3033,89,72,0,9
Elevator call,3040,-1,-2,0,3
Elevator call,3040,56,-8,0,2
Elevator call,3044,-6,-1,0,8
Elevator call,3049,-4,43,0,8
Elevator call,3050,-6,-5,0,0
Elevator call,3051,-3,0,0,3
Elevator call,3055,55,-9,0,6
Elevator call,3060,-8,4,0,0
Elevator call,3070,15,93,0,3
Elevator call,3076,97,-8,0,6
Elevator call,3081,99,-5,0,6
Elevator call,3081,95,-8,0,2
Elevator call,3084,87,42,0,9
Elevator call,3092,30,-8,0,0
Elevator call,3102,-9,95,0,4
Elevator call,3105,-9,-10,0,7
Elevator call,3109,85,-6,0,8
Elevator call,3111,-3,-1,0,0
Elevator call,3112,-4,-9,0,7
Elevator call,3113,86,-3,0,3
Elevator call,3114,-2,-8,0,0
Elevator call,3114,100,97,0,4
Elevator call,3117,42,-6,0,9
Elevator call,3134,71,-4,0,1
Elevator call,3134,0,37,0,5
Elevator call,3142,19,-9,0,7
Elevator call,3150,-8,-7,0,0
Elevator call,3152,89,1,0,2
Elevator call,3154,-6,23,0,0
Elevator call,3160,58,-5,0,5
Elevator call,3167,35,-4,0,0
Elevator call,3181,96,0,0,4
Elevator call,3184,41,-3,0,6
Elevator call,3189,-7,36,0,8
Elevator call,3189,-4,-5,0,9
Elevator call,3192,52,-2,0,6
Elevator call,3192,-9,-5,0,7
Elevator call,3193,86,-9,0,6
Elevator call,3209,36,-9,0,8
Elevator call,3211,23,-3,0,3
Elevator call,3214,33,-8,0,3
Elevator call,3219,-3,77,0,9
Elevator call,3234,10,-6,0,7
Elevator call,3240,16,0,0,7
Elevator call,3242,92,-1,0,2
Elevator call,3244,23,-1,0,1
Elevator call,3246,12,-6,0,5
Elevator call,3248,84,-5,0,9
Elevator call,3254,4,-1,0,0
Elevator call,3255,3,-2,0,0
Elevator call,3257,60,-4,0,6
Elevator call,3260,37,-1,0,4
Elevator call,3274,82,-2,0,8
Elevator call,3278,48,13,0,7
Elevator call,3279,30,22,0,1
Elevator call,3288,30,-4,0,1
Elevator call,3289,95,20,0,2
Elevator call,3290,2,67,0,5
Elevator call,3298,50,-7,0,0
Elevator call,3304,59,1,0,0
Elevator call,3316,27,23,0,3
Elevator call,3316,-7,10,0,4
Elevator call,3317,58,44,0,5
Elevator call,3321,-3,-6,0,9
Elevator call,3324,-9,62,0,6
Elevator call,3329,67,-2,0,6
Elevator call,3331,45,0,0,3
Elevator call,3334,5,-2,0,7
Elevator call,3344,67,-3,0,5
Elevator call,3345,16,-2,0,4
Elevator call,3359,-6,-7,0,1
Elevator call,3360,88,26,0,6
Elevator call,3360,33,-2,0,9
Elevator call,3362,75,-7,0,2
Elevator call,3362,63,0,0,7
Elevator call,3367,69,-9,0,7
Elevator call,3368,33,-5,0,1
Elevator call,3379,65,-3,0,6
Elevator call,3384,65,-5,0,6
Elevator call,3386,-5,-1,0,4
Elevator call,3386,92,-4,0,8
Elevator call,3387,-8,-6,0,4
Elevator call,3389,92,24,0,2
Elevator call,3394,10,-1,0,3
Elevator call,3395,-9,12,0,4
Elevator call,3395,91,-2,0,6
Elevator call,3418,15,-5,0,9
Elevator call,3419,46,-1,0,3
Elevator call,3424,95,-2,0,1
Elevator call,3441,-3,-5,0,5
Elevator call,3442,-8,-1,0,5
Elevator call,3449,5,-5,0,4
Elevator call,3452,90,-3,0,2
Elevator call,3452,82,-2,0,2
Elevator call,3452,61,-5,0,0
Elevator call,3453,64,-5,0,9
Elevator call,3458,0,-7,0,5
Elevator call,3460,55,52,0,4
Elevator call,3463,21,-6,0,5
Elevator call,3463,0,-4,0,3
Elevator call,3465,52,-8,0,4
Elevator call,3467,77,13,0,6
Elevator call,3472,88,-1,0,6
Elevator call,3474,36,0,0,3
Elevator call,3476,75,-7,0,8
Elevator call,3478,-9,-6,0,5
Elevator call,3484,73,0,0,6
Elevator call,3492,85,0,0,5
Elevator call,3499,-4,-7,0,0
Elevator call,3503,84,-4,0,9
Elevator call,3514,22,-8,0,1
Elevator call,3514,7,-4,0,0
Elevator call,3517,13,0,0,0
Elevator call,3523,94,-4,0,6
Elevator call,3524,0,-6,0,7
Elevator call,3533,-8,-2,0,4
Elevator call,3534,1,-6,0,3
Elevator call,3537,-3,0,0,4
Elevator call,3544,91,-2,0,2
Elevator call,3544,22,-3,0,7
Elevator call,3546,72,-3,0,3
Elevator call,3555,82,-4,0,3
Elevator call,3558,77,47,0,4
Elevator call,3565,8,-9,0,1
Elevator call,3565,12,-8,0,1
Elevator call,3570,82,-4,0,6
Elevator call,3571,-9,-2,0,0
Elevator call,3572,34,-8,0,7
Elevator call,3573,6,-6,0,8
Elevator call,3584,56,-1,0,0
Elevator call,3588,89,-5,0,4
Elevator call,3588,28,-6,0,8
Elevator call,3590,63,-2,0,5
